# MVA / chromosomal-instability disease panel. Track 1, Rare Disease Real Kid: MVA Hackathon 2026.
# EVERY gene-disease link, identifier and citation in this file was read out of a curated file on disk.
# Sources and their snapshot dates, plus every point where they disagree, are in mva_panel_sources.md.
#   DDG2P (EBI Gene2Phenotype) downloaded 2026-08-27 | ClinGen gene validity, file created 2026-08-27
#   HPO phenotype.hpoa / phenotype_to_genes.txt v2026-06-23 | MANE GRCh38 v1.5 | ClinVar VCF fileDate 2026-08-22
# panel_tier: 1 = established MVA phenotype series and the Orphanet MVA gene set; 2 = broader
#   chromosomal-instability, DNA-repair, centrosome, microcephaly and growth differential; 3 = off-panel (genome-wide).
# evidence_tier is the STRONGEST curated classification found (DDG2P confidence, else ClinGen, else limited/candidate).
#   "candidate" means NO curated gene-disease validity exists in any source above: mechanism only, do not report as causal.
# An empty citation field is deliberate and means no citation exists in the downloaded sources. It is never a placeholder.
# version: 2026-08-28-a
gene_symbol	gene_symbol_aliases	hgnc_id	ensembl_gene_id	ncbi_gene_id	grch38_contig	gene_omim	disease_name	disease_omim	disease_mondo	inheritance	allelic_requirement	mechanism_class	evidence_tier	panel_tier	ddg2p_confidence	clingen_classification	clinvar_plp_n	citation	citation_source	notes
CEP57	KIAA0092|TRANSLOKIN|TSP57	HGNC:30794	ENSG00000166037	9702	chr11	OMIM:607951	CEP57-related mosaic variegated aneuploidy syndrome	OMIM:614114	MONDO:0013582	autosomal_recessive	biallelic_autosomal	centrosome_centriole	definitive	1	definitive	Definitive (mosaic variegated aneuploidy syndrome 2; AR; 2019-11-22)	19	PMID:12116237;PMID:21552266;PMID:24259107	DDG2P.publications+phenotype.hpoa.reference	MVA2. Note HPOA does not annotate HP:0200024 to MVA2, unlike MVA1/MVA3.
CENATAC		HGNC:30460	ENSG00000186166	338657	chr11		Mosaic variegated aneuploidy syndrome 4	OMIM:620153		autosomal_recessive	biallelic_autosomal	minor_spliceosome	limited	1	absent	absent	2	PMID:34009673	phenotype.hpoa.reference	MVA4. Minor-spliceosome component; absent from DDG2P and ClinGen.
BUB1B	BUB1A|BUBR1|MAD3L|SSK1	HGNC:1149	ENSG00000156970	701	chr15	OMIM:602860	BUB1B-related mosaic variegated aneuploidy syndrome	OMIM:257300	MONDO:0009759	autosomal_recessive	biallelic_autosomal	spindle_assembly_checkpoint	definitive	1	definitive	Definitive (mosaic variegated aneuploidy syndrome 1; AR; 2019-11-22)	81	PMID:11169558;PMID:15475955;PMID:16411201;PMID:21190457;PMID:9916837	DDG2P.publications	MVA1. Also OMIM:176430 premature chromatid separation trait. Highest-prior gene in this case.
TRIP13	16E1BP	HGNC:12307	ENSG00000071539	9319	chr5	OMIM:604507	TRIP13-related mosaic variegated aneuploidy and Wilms tumour	OMIM:617598	MONDO:0054736	autosomal_recessive	biallelic_autosomal	spindle_assembly_checkpoint	strong	1	strong	absent	9	PMID:28553959	DDG2P.publications	MVA3 with Wilms tumour (nephroblastoma 6/6 in HPOA).
BUB1	BUB1A|BUB1L|HBUB1	HGNC:1148	ENSG00000169679	699	chr2	OMIM:602452	BUB1-related microcephaly and developmental disorder	OMIM:620183	MONDO:0859342	autosomal_recessive	biallelic_autosomal	spindle_assembly_checkpoint	moderate	1	moderate	Limited (colorectal cancer; AD; 2023-12-20)	6	PMID:35044816	DDG2P.publications	Orphanet lists BUB1 under ORPHA:1052 mosaic variegated aneuploidy; DDG2P curates it as MCPH30.
BUB3		HGNC:1151	ENSG00000154473	9184	chr10		Mosaic variegated aneuploidy syndrome			not_curated	not_curated	spindle_assembly_checkpoint	limited	1	absent	absent	0	ORPHA:1052	phenotype_to_genes.disease_id	Only curated link is ORPHA:1052 mosaic variegated aneuploidy via HPO. No DDG2P/ClinGen entry, 0 ClinVar P/LP.
MAD1L1		HGNC:6762	ENSG00000002822	8379	chr7		Mosaic variegated aneuploidy syndrome 7 with inflammation and tumor predisposition	OMIM:620189		autosomal_recessive	biallelic_autosomal	spindle_assembly_checkpoint	limited	1	absent	absent	8	PMID:36322655	phenotype.hpoa.reference	MVA7 with inflammation and tumour predisposition. Absent from DDG2P and ClinGen.
CEP152	KIAA0912|MCPH9|SCKL5	HGNC:29298	ENSG00000103995	22995	chr15	OMIM:613529	CEP152-related developmental disorder	OMIM:613823	MONDO:0013443	autosomal_recessive	biallelic_autosomal	centrosome_centriole	definitive	2	definitive	Definitive (microcephaly with or without short stature; AR; 2022-06-28)	143	PMID:21131973	DDG2P.publications	Seckel 5 / MCPH9.
CPAP	BM032|CENPJ|CPAP|LAP|LIP1|MCPH6|SAS-4|SASS4|SCKL4	HGNC:17272	ENSG00000151849	55835	chr13	OMIM:609279	CPAP-related developmental disorder	OMIM:608393	MONDO:0012029	autosomal_recessive	biallelic_autosomal	centrosome_centriole	definitive	2	definitive	absent	82	PMID:12843329;PMID:15793586;PMID:16900296;PMID:20522431;PMID:20978018;PMID:22775483	DDG2P.publications+phenotype.hpoa.reference	HGNC-approved symbol for CENPJ (MCPH6, Seckel 4). Annotation tools commonly emit CENPJ.
PCNT	KEN|KIAA0402|PCN|PCNT2|PCNTB|SCKL4	HGNC:16068	ENSG00000160299	5116	chr21	OMIM:605925	PCNT-related microcephalic osteodysplastic primordial dwarfism	OMIM:210720	MONDO:0008872	autosomal_recessive	biallelic_autosomal	centrosome_centriole	definitive	2	definitive	Definitive (microcephalic osteodysplastic primordial dwarfism type II; AR; 2024-08-27)	358	PMID:15372530;PMID:18174396;PMID:19643772;PMID:19839044;PMID:21567919;PMID:24928221;PMID:26231886;PMID:29961235;PMID:30531648;PMID:30922925;PMID:31151966;PMID:32557621;PMID:32671003;PMID:33016782;PMID:33460028;PMID:34331829;PMID:35422036;PMID:37234811	DDG2P.publications	MOPD II. Strong differential: extreme growth restriction plus microcephaly.
PLK4	SAK|STK18	HGNC:11397	ENSG00000142731	10733	chr4	OMIM:605031	PLK4-related microcephaly, growth failure and retinopathy	OMIM:616171	MONDO:0014516	autosomal_recessive	biallelic_autosomal	centrosome_centriole	definitive	2	definitive	absent	34	PMID:25344692	DDG2P.publications	Centriole duplication master kinase. Microcephaly, growth failure, retinopathy.
RTTN	DKFZP434G145	HGNC:18654	ENSG00000176225	25914	chr18	OMIM:610436	RTTN-related bilateral diffuse polymicrogyria	OMIM:614833	MONDO:0018764	autosomal_recessive	biallelic_autosomal	centrosome_centriole	definitive	2	definitive	Definitive (microcephalic primordial dwarfism due to RTTN deficiency; AR; 2024-10-24)	85	PMID:22939636;PMID:26608784;PMID:29883675	DDG2P.publications	Microcephalic primordial dwarfism / polymicrogyria.
TUBGCP6	DJ402G11.6|GCP6|KIAA1669	HGNC:18127	ENSG00000128159	85378	chr22	OMIM:610053	TUBGCP6-related microcephaly with chorioretinopathy with or without developmental delay	OMIM:251270	MONDO:0009624	autosomal_recessive	biallelic_autosomal	centrosome_centriole	definitive	2	definitive	Definitive (microcephaly and chorioretinopathy 1; AR; 2023-06-05)	137	PMID:22279524;PMID:25344692;PMID:11146476	DDG2P.publications+phenotype.hpoa.reference	Gamma-tubulin ring complex; MCCRP1.
CEP135	CEP4|FLJ13621|KIAA0635	HGNC:29086	ENSG00000174799	9662	chr4	OMIM:611423	CEP135-related primary microcephaly and disturbed centrosomal function	OMIM:614673	MONDO:0013849	autosomal_recessive	biallelic_autosomal	centrosome_centriole	strong	2	strong	absent	58	PMID:22521416	DDG2P.publications	MCPH8.
CEP63	FLJ13386	HGNC:25815	ENSG00000182923	80254	chr3	OMIM:614724	CEP63-related Seckel syndrome	OMIM:614728	MONDO:0013871	autosomal_recessive	biallelic_autosomal	centrosome_centriole	strong	2	strong	absent	45	PMID:21983783	DDG2P.publications	Seckel 6.
STIL	MCPH7|SIL	HGNC:10879	ENSG00000123473	6491	chr1	OMIM:181590	STIL-related primary microcephaly	OMIM:612703	MONDO:0012989	autosomal_recessive	biallelic_autosomal	centrosome_centriole	strong	2	strong	Definitive (autosomal recessive primary microcephaly; AR; 2023-03-28)	29	PMID:19215732;PMID:25218063	DDG2P.publications+phenotype.hpoa.reference	MCPH7.
TUBGCP4	76P|FLJ14797|GCP4	HGNC:16691	ENSG00000137822	27229	chr15	OMIM:609610	TUBGCP4-related microcephaly with chorioretinopathy	OMIM:616335	MONDO:0014592	autosomal_recessive	biallelic_autosomal	centrosome_centriole	strong	2	strong	absent	45	PMID:25817018	DDG2P.publications	Gamma-tubulin ring complex; microcephaly with chorioretinopathy.
SASS6	DKFZP761A078|FLJ22097|SAS-6|SAS6	HGNC:25403	ENSG00000156876	163786	chr1	OMIM:609321	SASS6-related severe microcephaly with brain abnormalities	OMIM:616402	MONDO:0014623	autosomal_recessive	biallelic_autosomal	centrosome_centriole	moderate	2	moderate	absent	7	PMID:24951542;PMID:30639237;PMID:36739862;PMID:38501757	DDG2P.publications	MCPH14.
CEP295		HGNC:29366	ENSG00000166004	85459	chr11		Seckel syndrome 11	OMIM:620767		autosomal_recessive	biallelic_autosomal	centrosome_centriole	limited	2	absent	absent	7	PMID:38154379	phenotype.hpoa.reference	Seckel syndrome 11; also listed under ORPHA:808. Absent from DDG2P and ClinGen.
NIN		HGNC:14906	ENSG00000100503	51199	chr14		Seckel syndrome 7	OMIM:614851		autosomal_recessive	biallelic_autosomal	centrosome_centriole	limited	2	absent	absent	7	PMID:22933543	phenotype.hpoa.reference	Seckel syndrome 7; also listed under ORPHA:808. Absent from DDG2P and ClinGen.
DNMT3B		HGNC:2979	ENSG00000088305	1789	chr20	OMIM:602900	DNMT3B-related immunodeficiency-centromeric instability-facial anomalies syndrome	OMIM:242860	MONDO:0009454	autosomal_recessive	biallelic_autosomal	chromatin_centromere	definitive	2	definitive	Definitive (immunodeficiency-centromeric instability-facial anomalies syndrome 1; AR; 2023-04-16)	42	PMID:10555141;PMID:10647011;PMID:12239717;PMID:10588719	DDG2P.publications+phenotype.hpoa.reference	ICF1: immunodeficiency, centromeric instability, facial anomalies. Pericentromeric hypomethylation causes visible centromere decondensation.
ZBTB24		HGNC:21143	ENSG00000112365	9841	chr6		Immunodeficiency-Centromeric instability-facial anomalies syndrome2	OMIM:614069	MONDO:0013553	autosomal_recessive	not_curated	chromatin_centromere	definitive	2	absent	Definitive (immunodeficiency-centromeric instability-facial anomalies syndrome 2; AR; 2025-07-17)	54	PMID:21596365	phenotype.hpoa.reference	ICF2.
CDCA7		HGNC:14628	ENSG00000144354	83879	chr2		Immunodeficiency-Centromeric instability-facial anomalies syndrome 3	OMIM:616910	MONDO:0014828	autosomal_recessive	not_curated	chromatin_centromere	moderate	2	absent	Moderate (immunodeficiency-centromeric instability-facial anomalies syndrome 3; AR; 2026-04-16)	3	PMID:26216346	phenotype.hpoa.reference	ICF3.
HELLS		HGNC:4861	ENSG00000119969	3070	chr10		Immunodeficiency-centromeric instability-facial anomalies syndrome 4	OMIM:616911	MONDO:0014829	autosomal_recessive	not_curated	chromatin_centromere	moderate	2	absent	Moderate (immunodeficiency-centromeric instability-facial anomalies syndrome 4; AR; 2025-06-16)	20	PMID:26216346	phenotype.hpoa.reference	ICF4.
ESCO2	EFO2|RBS	HGNC:27230	ENSG00000171320	157570	chr8	OMIM:609353	ESCO2-related Roberts syndrome	OMIM:268300	MONDO:0100253	autosomal_recessive	biallelic_autosomal	cohesion_condensation	definitive	2	definitive	Definitive (Roberts-SC phocomelia syndrome; AR; 2021-03-19)	155	PMID:15821733;PMID:3740099;PMID:495649;PMID:16380922	DDG2P.publications+phenotype.hpoa.reference	Roberts/SC phocomelia. Cytogenetic hallmark is premature centromere separation - the closest phenocopy of MVA on a karyotype.
HDAC8	HDACL1|KDAC8|MRXS6|RPD3|WTS	HGNC:13315	ENSG00000147099	55869	chrX	OMIM:300269	HDAC8-related Cornelia de Lange syndrome	OMIM:300882	MONDO:0010471	x_linked	monoallelic_X_hemizygous	cohesion_condensation	definitive	2	definitive	Definitive (Cornelia de Lange syndrome; XL; 2018-09-11)	98	PMID:22885700;PMID:24403048;PMID:26671848	DDG2P.publications	CdLS5, X-linked.
NIPBL	DKFZP434L1319|FLJ11203|FLJ12597|FLJ13354|FLJ13648|IDN3|SCC2	HGNC:28862	ENSG00000164190	25836	chr5	OMIM:608667	NIPBL-related Cornelia de Lange syndrome	OMIM:122470	MONDO:0007387	autosomal_dominant	monoallelic_autosomal	cohesion_condensation	definitive	2	definitive	Definitive (Cornelia de Lange syndrome; AD; 2025-08-11)	594	PMID:11391654;PMID:15146185;PMID:15146186;PMID:15318302;PMID:16799922;PMID:35446447;PMID:19764039;PMID:20358602;PMID:21165303;PMID:22241092;PMID:23304577;PMID:25447906;PMID:30246735;PMID:31337854;PMID:32074972;PMID:36777704;PMID:38284454	DDG2P.publications+phenotype.hpoa.reference	Cornelia de Lange 1. Dominant, usually de novo - not a compound-het model.
RAD21	HHR21|KIAA0078|SCC1	HGNC:9811	ENSG00000164754	5885	chr8	OMIM:606462	RAD21-related cohesinopathy	OMIM:614701	MONDO:0013864	autosomal_dominant	monoallelic_autosomal	cohesion_condensation	definitive	2	definitive	Definitive (Cornelia de Lange syndrome; AD; 2020-01-08)	59	PMID:22633399;PMID:24378232;PMID:27882533;PMID:30125677;PMID:30716475;PMID:32193685;PMID:31334757;PMID:32696056	DDG2P.publications+phenotype.hpoa.reference	CdLS4, dominant.
SMC1A	DXS423E|KIAA0178|SB1.8|SMC1L1|SMCB	HGNC:11111	ENSG00000072501	8243	chrX	OMIM:300040	SMC1A-related Cornelia de Lange syndrome	OMIM:300590	MONDO:0010370	x_linked	monoallelic_X_heterozygous	cohesion_condensation	definitive	2	definitive	Definitive (X-linked complex neurodevelopmental disorder; XL; 2019-06-19)	225	PMID:16604071;PMID:17273969;PMID:19701948;PMID:20635401;PMID:22106055;PMID:23863341;PMID:24124034;PMID:26354354;PMID:28102598;PMID:28548707;PMID:31905481;PMID:32532882;PMID:32648047;PMID:34729759;PMID:35396801;PMID:36246631;PMID:20358602	DDG2P.publications+phenotype.hpoa.reference	X-linked CdLS2; also SMC1A epileptic encephalopathy OMIM:301044.
SMC3	BAM|BAMACAN|CSPG6|HCAP|SMC3L1	HGNC:2468	ENSG00000108055	9126	chr10	OMIM:606062	SMC3-related Cornelia de Lange syndrome	OMIM:610759	MONDO:0012555	autosomal_dominant	monoallelic_autosomal	cohesion_condensation	definitive	2	definitive	Definitive (Cornelia de Lange syndrome; AD; 2020-04-07)	81	PMID:17273969;PMID:20358602;PMID:25125236;PMID:25655089;PMID:28781842	DDG2P.publications+phenotype.hpoa.reference	CdLS3, dominant.
STAG2	SA-2|SA2|SCC3B	HGNC:11355	ENSG00000101972	10735	chrX	OMIM:300826	STAG2-related developmental delay with microcephaly and congenital anomalies	OMIM:301022	MONDO:0026722	x_linked	monoallelic_X_hemizygous	cohesion_condensation	definitive	2	definitive	absent	47	PMID:28296084;PMID:29263825;PMID:30158690	DDG2P.publications	X-linked, developmental delay with microcephaly.
NCAPD2	CAP-D2|CNAP1|HCAP-D2|KIAA0159	HGNC:24305	ENSG00000010292	9918	chr12	OMIM:615638	NCAPD2-related microcephaly with short stature			autosomal_recessive	biallelic_autosomal	cohesion_condensation	limited	2	limited	absent	11	PMID:27737959	DDG2P.publications	Condensin I. DDG2P limited.
NCAPD3	CAP-D3|FLJ42888|HCAP-D3|HCP-6|HHCP-6|KIAA0056	HGNC:28952	ENSG00000151503	23310	chr11	OMIM:609276	NCAPD3-related microcephaly with short stature			autosomal_recessive	biallelic_autosomal	cohesion_condensation	limited	2	limited	absent	11	PMID:27737959	DDG2P.publications	Condensin II. DDG2P limited.
NCAPH	BRRN1|CAP-H|HCAP-H|NCAPH1	HGNC:1112	ENSG00000121152	23397	chr2	OMIM:602332	NCAPH-related microcephaly	OMIM:617985	MONDO:0054806	autosomal_recessive	biallelic_autosomal	cohesion_condensation	limited	2	limited	absent	2	PMID:27737959	DDG2P.publications	Condensin I. DDG2P limited.
ESPL1		HGNC:16856	ENSG00000135476	9700	chr12					not_curated	not_curated	cohesion_condensation	candidate	2	absent	absent	0		none: absent from DDG2P 2026-08-27, ClinGen 2026-08-27, HPO 2026-06-23	Separase; cleaves cohesin at anaphase onset.
CIT	CITK|CRIK|KIAA0949|STK21	HGNC:1985	ENSG00000122966	11113	chr12	OMIM:605629	CIT-related primary microcephaly	OMIM:617090	MONDO:0014908	autosomal_recessive	biallelic_autosomal	cytokinesis	strong	2	strong	absent	25	PMID:27453578	DDG2P.publications	Citron kinase; MCPH17, cytokinesis failure gives tetraploid/binucleate cells.
BLM	BS|RECQ2|RECQL3	HGNC:1058	ENSG00000197299	641	chr15	OMIM:604610	BLM-related Bloom syndrome	OMIM:210900	MONDO:0008876	autosomal_recessive	biallelic_autosomal	dna_damage_response	definitive	2	definitive	Definitive (Bloom syndrome; AR; 2019-04-19)	591	PMID:10678659;PMID:7585968;PMID:8875252;PMID:29098565;PMID:34177791	DDG2P.publications+phenotype.hpoa.reference	Bloom syndrome. Elevated sister chromatid exchange, growth restriction, cancer.
LIG4		HGNC:6601	ENSG00000174405	3981	chr13	OMIM:601837	LIG4-related syndrome	OMIM:606593	MONDO:0011686	autosomal_recessive	biallelic_autosomal	dna_damage_response	definitive	2	definitive	Definitive (DNA ligase IV deficiency; AR; 2021-04-16)	112	PMID:11779494;PMID:16357942;PMID:16088910	DDG2P.publications+phenotype.hpoa.reference	LIG4 syndrome: microcephaly, growth restriction, immunodeficiency, radiosensitivity.
NBN	AT-V1|AT-V2|ATV|NBS|NBS1	HGNC:7652	ENSG00000104320	4683	chr8	OMIM:602667	NBN-related Nijmegen breakage syndrome	OMIM:251260	MONDO:0009623	autosomal_recessive	biallelic_autosomal	dna_damage_response	definitive	2	definitive	Definitive (Nijmegen breakage syndrome; AR; 2022-06-21)	532	PMID:3802554;PMID:9590180;PMID:19635536;PMID:22373003;PMID:32843899;PMID:38761025;PMID:7545870	DDG2P.publications+phenotype.hpoa.reference	Nijmegen breakage. Microcephaly, immunodeficiency, chromosome breakage.
RBBP8	COM1|CTIP|RIM|SCKL2	HGNC:9891	ENSG00000101773	5932	chr18	OMIM:604124	RBBP8-related microcephaly and intellectual disability	OMIM:251255	MONDO:0009622	autosomal_recessive	biallelic_autosomal	dna_damage_response	definitive	2	definitive	absent	13	PMID:21998596;PMID:26333564;PMID:34270086;PMID:18071751	DDG2P.publications+phenotype.hpoa.reference	Seckel 2 / Jawad syndrome (CtIP).
RECQL4	RECQ4	HGNC:9949	ENSG00000160957	9401	chr8	OMIM:603780	RECQL4-related Baller-Gerold syndrome	OMIM:218600	MONDO:0009039	autosomal_recessive	biallelic_autosomal	dna_damage_response	definitive	2	definitive	Definitive (Rothmund-Thomson syndrome; AR; 2018-10-11)	389	PMID:10319867;PMID:10678659;PMID:11754069;PMID:12734318;PMID:12838562;PMID:12952869;PMID:15964893;PMID:17372760;PMID:18616953;PMID:18647888;PMID:20503338;PMID:23899764;PMID:24518840;PMID:24635570;PMID:25966250;PMID:26515231;PMID:29224249;PMID:29367366;PMID:29462647;PMID:30007837;PMID:32482547;PMID:34155702;PMID:9878247;PMID:9934984;PMID:1583650	DDG2P.publications+phenotype.hpoa.reference	DDG2P labels this entry Baller-Gerold; ClinGen curates RECQL4 as Definitive for Rothmund-Thomson.
XRCC4	HXRCC4	HGNC:12831	ENSG00000152422	7518	chr5	OMIM:194363	XRCC4-related primordial dwarfism	OMIM:616541	MONDO:0014686	autosomal_recessive	biallelic_autosomal	dna_damage_response	definitive	2	definitive	Limited (hereditary nonpolyposis colon cancer; AD; 2017-05-08)	22	PMID:25728776;PMID:25872942	DDG2P.publications+phenotype.hpoa.reference	Primordial dwarfism with microcephaly.
ATR	FRP1|MEC1|SCKL|SCKL1	HGNC:882	ENSG00000175054	545	chr3	OMIM:601215	ATR-related Seckel syndrome	OMIM:210600	MONDO:0008869	autosomal_recessive	biallelic_autosomal	dna_damage_response	strong	2	strong	absent	138	PMID:10889046;PMID:12640452;PMID:23111928;PMID:30199583	DDG2P.publications	Seckel 1.
TRAIP	RNF206|TRIP	HGNC:30764	ENSG00000183763	10293	chr3	OMIM:605958	TRAIP-related primordial dwarfism	OMIM:616777	MONDO:0014767	autosomal_recessive	biallelic_autosomal	dna_damage_response	strong	2	strong	absent	13	PMID:26595769	DDG2P.publications	Primordial dwarfism; replication-fork ubiquitin ligase.
NSMCE2		HGNC:26513	ENSG00000156831	286053	chr8		Seckel syndrome 10	OMIM:617253	MONDO:0014991	autosomal_recessive	not_curated	dna_damage_response	moderate	2	absent	Moderate (Seckel syndrome 10; AR; 2025-02-05)	7	PMID:25105364	phenotype.hpoa.reference	SMC5/6 complex; ClinGen Moderate for Seckel syndrome 10.
SLF2	C10ORF6|FAM178A|FLJ10512|FLJ25012	HGNC:17814	ENSG00000119906	55719	chr10	OMIM:610348	SLF2-related developmental disorder	OMIM:620184	MONDO:0859575	autosomal_recessive	biallelic_autosomal	dna_damage_response	moderate	2	moderate	absent	8	PMID:36333305	DDG2P.publications	SMC5/6 recruitment; DDG2P moderate.
SMC5	KIAA0594|SMC5L1	HGNC:20465	ENSG00000198887	23137	chr9	OMIM:609386	SMC5-related developmental disorder	OMIM:620185	MONDO:0859576	autosomal_recessive	biallelic_autosomal	dna_damage_response	moderate	2	moderate	absent	5	PMID:36333305	DDG2P.publications	SMC5/6 complex; DDG2P moderate.
ATRIP		HGNC:33499	ENSG00000164053	84126	chr3		hereditary breast carcinoma		MONDO:0016419	autosomal_dominant	not_curated	dna_damage_response	limited	2	absent	Limited (hereditary breast carcinoma; AD; 2024-08-29)	81	ORPHA:808	phenotype_to_genes.disease_id	Orphanet lists ATRIP under ORPHA:808 Seckel syndrome. ClinGen only curates a Limited AD breast-cancer link. ClinVar P/LP count is inflated by the shared ATRIP/TREX1 locus annotation.
DNA2	DNA2L|KIAA0083	HGNC:2939	ENSG00000138346	1763	chr10	OMIM:601810	DNA2-related microcephalic primordial dwarfism with or without poikiloderma and cataracts	OMIM:615807	MONDO:0014350	autosomal_recessive	biallelic_autosomal	dna_damage_response	limited	2	limited	Moderate (mitochondrial disease; AD; 2026-02-09)	19	PMID:24389050;PMID:31045292;PMID:37055165	DDG2P.publications	DDG2P limited for microcephalic primordial dwarfism; ClinGen curates only an AD mitochondrial-disease link.
NSMCE3	HCA4|MAGEG1|MAGEL3|NDNL2|NSE3	HGNC:7677	ENSG00000185115	56160	chr15	OMIM:608243	NSMCE3-related distinct DNA breakage syndrome		MONDO:0014984	autosomal_recessive	biallelic_autosomal	dna_damage_response	limited	2	limited	Limited (lung disease, immunodeficiency, and chromosome breakage syndrome;; AR; 2026-01-15)	2	PMID:27427983;PMID:33741030;PMID:40728043	DDG2P.publications	Lung disease, immunodeficiency and chromosome breakage syndrome. DDG2P limited, ClinGen Limited.
NUP85		HGNC:8734	ENSG00000125450	79902	chr17		Nephrotic syndrome, type 17	OMIM:618176		autosomal_recessive	biallelic_autosomal	dna_damage_response	limited	2	absent	absent	4	PMID:30179222	phenotype.hpoa.reference	Listed under ORPHA:808 Seckel syndrome by Orphanet, but its only OMIM link is nephrotic syndrome 17 - so no Seckel OMIM id is asserted here.
RAD50	HRAD50|RAD50-2	HGNC:9816	ENSG00000113522	10111	chr5	OMIM:604040	RAD50-related Nijmegen breakage syndrome-like disorder	OMIM:613078	MONDO:0013118	autosomal_recessive	biallelic_autosomal	dna_damage_response	limited	2	limited	Refuted (familial ovarian cancer; AD; 2024-02-23)	485	PMID:19409520	DDG2P.publications	NBS-like disorder; DDG2P limited.
BRCA2	BRCC2|FACD|FAD|FAD1|FANCD|FANCD1|XRCC11	HGNC:1101	ENSG00000139618	675	chr13	OMIM:600185	BRCA2-related Fanconi anemia	OMIM:605724	MONDO:0011584	autosomal_recessive	biallelic_autosomal	fanconi_icl_repair	definitive	2	definitive	Definitive (Fanconi anemia complementation group D1; AR; 2019-04-19)	5661	PMID:12065746;PMID:14670928;PMID:15070707	DDG2P.publications	FA-D1; biallelic. Strong Wilms/embryonal tumour predisposition in children.
BRIP1	BACH1|FANCJ|OF	HGNC:20473	ENSG00000136492	83990	chr17	OMIM:605882	BRIP1-related Fanconi anemia	OMIM:609054	MONDO:0012187	autosomal_recessive	biallelic_autosomal	fanconi_icl_repair	definitive	2	definitive	Definitive (Fanconi anemia complementation group J; AR; 2019-08-18)	886	PMID:16116424	DDG2P.publications	FA-J; biallelic.
FANCA	FA-H|FAA|FACA|FAH|FANCH	HGNC:3582	ENSG00000187741	2175	chr16	OMIM:607139	FANCA-related Fanconi anemia	OMIM:227650	MONDO:0009215	autosomal_recessive	biallelic_autosomal	fanconi_icl_repair	definitive	2	definitive	Definitive (Fanconi anemia complementation group A; AR; 2019-04-19)	961	PMID:10090479;PMID:10431244;PMID:10862090;PMID:11091222;PMID:11344308;PMID:12447395;PMID:12827451;PMID:12955722;PMID:15162062;PMID:15522956;PMID:15523645;PMID:15643609;PMID:15917947;PMID:16532972;PMID:21519011;PMID:23898106;PMID:24689079;PMID:24704046;PMID:26799702;PMID:27121516;PMID:29098742;PMID:29269525;PMID:29400309;PMID:29702541;PMID:30032139;PMID:8896564;PMID:29904161	DDG2P.publications+phenotype.hpoa.reference	
FANCB	FAAP95|FAB|FLJ34064	HGNC:3583	ENSG00000181544	2187	chrX	OMIM:300515	FANCB-related Fanconi anemia	OMIM:300514	MONDO:0010351	x_linked	monoallelic_X_hemizygous	fanconi_icl_repair	definitive	2	definitive	Definitive (Fanconi anemia complementation group B; XL; 2022-12-30)	30	PMID:15502827;PMID:16679491;PMID:21910217;PMID:22052692;PMID:23613520;PMID:24584348;PMID:25168418;PMID:26683739;PMID:29193904;PMID:29232005;PMID:30792206;PMID:32106311;PMID:36135330	DDG2P.publications	X-linked; VACTERL-H presentation.
FANCC	FA3|FAC|FACC	HGNC:3584	ENSG00000158169	2176	chr9	OMIM:613899	FANCC-related Fanconi anemia	OMIM:227645	MONDO:0009213	autosomal_recessive	biallelic_autosomal	fanconi_icl_repair	definitive	2	definitive	Definitive (Fanconi anemia complementation group C; AR; 2019-04-19)	302	PMID:10431244;PMID:20869034;PMID:8348157;PMID:1574115;PMID:16429406;PMID:22701786;PMID:31044565;PMID:8128956	DDG2P.publications+phenotype.hpoa.reference	
FANCD2	FA-D2|FACD|FAD|FANCD	HGNC:3585	ENSG00000144554	2177	chr3	OMIM:613984	FANCD2-related Fanconi anemia	OMIM:227646	MONDO:0009214	autosomal_recessive	biallelic_autosomal	fanconi_icl_repair	definitive	2	definitive	Definitive (Fanconi anemia complementation group D2; AR; 2021-06-15)	280	PMID:11239453;PMID:17436244	DDG2P.publications+phenotype.hpoa.reference	
FANCE	FACE|FAE	HGNC:3586	ENSG00000112039	2178	chr6	OMIM:613976	FANCE-related Fanconi anemia	OMIM:600901	MONDO:0010953	autosomal_recessive	biallelic_autosomal	fanconi_icl_repair	definitive	2	definitive	Definitive (Fanconi anemia complementation group E; AR; 2020-05-14)	78	PMID:10205272;PMID:11001585;PMID:9382107	DDG2P.publications	
FANCF	FAF	HGNC:3587	ENSG00000183161	2188	chr11	OMIM:613897	FANCF-related Fanconi anemia	OMIM:603467	MONDO:0011325	autosomal_recessive	biallelic_autosomal	fanconi_icl_repair	definitive	2	definitive	Definitive (Fanconi anemia complementation group F; AR; 2021-02-03)	57	PMID:10615118;PMID:26033879;PMID:9382107;PMID:27714961;PMID:31288759	DDG2P.publications+phenotype.hpoa.reference	
FANCG	FAG|XRCC9	HGNC:3588	ENSG00000221829	2189	chr9	OMIM:602956	FANCG-related Fanconi anemia	OMIM:614082	MONDO:0013565	autosomal_recessive	biallelic_autosomal	fanconi_icl_repair	definitive	2	definitive	Definitive (Fanconi anemia complementation group G; AR; 2019-04-19)	214	PMID:10807541;PMID:11093276;PMID:12552564;PMID:15657175;PMID:9806548	DDG2P.publications	
FANCI	FLJ10719|KIAA1794	HGNC:25568	ENSG00000140525	55215	chr15	OMIM:611360	FANCI-related Fanconi anemia	OMIM:609053	MONDO:0012186	autosomal_recessive	biallelic_autosomal	fanconi_icl_repair	definitive	2	definitive	Definitive (Fanconi anemia complementation group I; AR; 2021-06-15)	287	PMID:17452773;PMID:26590883;PMID:17460694	DDG2P.publications+phenotype.hpoa.reference	
FANCL	FAAP43|FLJ10335|PHF9|POG	HGNC:20748	ENSG00000115392	55120	chr2	OMIM:608111	FANCL-related Fanconi anemia	OMIM:614083	MONDO:0013566	autosomal_recessive	biallelic_autosomal	fanconi_icl_repair	definitive	2	definitive	Definitive (Fanconi anemia complementation group L; AR; 2020-07-30)	121	PMID:12973351;PMID:19405097;PMID:25754594;PMID:28419882;PMID:31513304;PMID:34585473;PMID:36894310	DDG2P.publications	
PALB2	FANCN|FLJ21816	HGNC:26144	ENSG00000083093	79728	chr16	OMIM:610355	PALB2-related Fanconi anemia	OMIM:610832	MONDO:0012565	autosomal_recessive	biallelic_autosomal	fanconi_icl_repair	definitive	2	definitive	Definitive (Fanconi anemia complementation group N; AR; 2019-08-18)	1448	PMID:17200671;PMID:17200672	DDG2P.publications	FA-N; biallelic.
SLX4	BTBD12|FANCP|KIAA1784|KIAA1987	HGNC:23845	ENSG00000188827	84464	chr16	OMIM:613278	SLX4-related Fanconi anemia	OMIM:613951	MONDO:0013499	autosomal_recessive	biallelic_autosomal	fanconi_icl_repair	definitive	2	definitive	Definitive (Fanconi anemia complementation group P; AR; 2023-10-27)	157	PMID:21240275;PMID:21240277	DDG2P.publications	FA-P.
BRCA1	BRCC1|FANCS|PPP1R53|RNF53	HGNC:1100	ENSG00000012048	672	chr17	OMIM:113705	BRCA1-related Fanconi anemia	OMIM:617883	MONDO:0054748	autosomal_recessive	biallelic_autosomal	fanconi_icl_repair	strong	2	strong	Definitive (Fanconi anemia, complementation group S; AR; 2020-05-14)	4109	PMID:12624153;PMID:34680915;PMID:23269703	DDG2P.publications+phenotype.hpoa.reference	FA-S; biallelic.
ERCC4	FANCQ|RAD1|XPF	HGNC:3436	ENSG00000175595	2072	chr16	OMIM:133520	ERCC4-related Fanconi anemia	OMIM:615272	MONDO:0014108	autosomal_recessive	biallelic_autosomal	fanconi_icl_repair	strong	2	strong	Definitive (xeroderma pigmentosum group F; AR; 2019-08-14)	68	PMID:17183314;PMID:23623386;PMID:23623389;PMID:3372781;PMID:8797827	DDG2P.publications	FA-Q / XP-F.
FANCM	FAAP250|KIAA1596	HGNC:23168	ENSG00000187790	57697	chr14	OMIM:609644	FANCM-related Fanconi anemia		MONDO:0019391	autosomal_recessive	biallelic_autosomal	fanconi_icl_repair	strong	2	strong	Refuted (Fanconi anemia; AR; 2024-12-10)	202	ORPHA:399805;ORPHA:84	phenotype_to_genes.disease_id	CONFLICT: DDG2P lists FANCM-related Fanconi anaemia as strong; ClinGen REFUTED classic FA (2024-12-10) and curates a separate Definitive 'FANCM Fanconi-like genomic instability disorder' (MONDO:0100578).
RAD51C	FANCO|RAD51L2	HGNC:9820	ENSG00000108384	5889	chr17	OMIM:602774	RAD51C-related Fanconi anemia	OMIM:613390	MONDO:0013248	autosomal_recessive	biallelic_autosomal	fanconi_icl_repair	strong	2	strong	Limited (Fanconi anemia complementation group O; AR; 2023-12-20)	328	PMID:20400963	DDG2P.publications	FA-O. DDG2P strong vs ClinGen Limited.
UBE2T	FANCT|HSPC150	HGNC:25009	ENSG00000077152	29089	chr1	OMIM:610538	UBE2T-related Fanconi anemia	OMIM:616435	MONDO:0014638	autosomal_recessive	biallelic_autosomal	fanconi_icl_repair	strong	2	strong	absent	13	PMID:26046368	DDG2P.publications	FA-T.
MAD2L2		HGNC:6764	ENSG00000116670	10459	chr1		Fanconi anemia, complementation group V	OMIM:617243		autosomal_recessive	biallelic_autosomal	fanconi_icl_repair	limited	2	absent	absent	1	PMID:27500492	phenotype.hpoa.reference	FA-V (REV7). Absent from DDG2P and ClinGen.
RAD51	BRCC5|FANCR|HSRAD51|HST16930|RAD51A|RECA	HGNC:9817	ENSG00000051180	5888	chr15	OMIM:179617	Fanconi anemia, complementation group R	OMIM:617244	MONDO:0013790	autosomal_dominant	monoallelic_autosomal	fanconi_icl_repair	limited	2	limited	absent	14	PMID:21242494;PMID:26253028;PMID:26681308	DDG2P.publications+phenotype.hpoa.reference	FA-R is dominant-negative monoallelic, NOT a compound-het model. DDG2P only curates a limited mirror-movements link.
XRCC2		HGNC:12829	ENSG00000196584	7516	chr7		FANCONI ANEMIA, COMPLEMENTATION GROUP U	OMIM:617247	MONDO:0014987	autosomal_recessive	not_curated	fanconi_icl_repair	limited	2	absent	Limited (Fanconi anemia complementation group U; AR; 2023-10-27)	17	PMID:22232082	phenotype.hpoa.reference	FA-U; ClinGen Limited.
CUL7	DJ20C7.5|KIAA0076	HGNC:21024	ENSG00000044090	9820	chr6	OMIM:609577	CUL7-related 3-M syndrome	OMIM:273750	MONDO:0010117	autosomal_recessive	biallelic_autosomal	growth_regulation	definitive	2	definitive	absent	128	PMID:16142236;PMID:17675530;PMID:19225462;PMID:25945256;PMID:33258289	DDG2P.publications+phenotype.hpoa.reference	3-M syndrome 1.
IGF1R	CD221|IGFIR|IGFR|JTK13|MGC18216	HGNC:5465	ENSG00000140443	3480	chr15	OMIM:147370	IGF1R-related insulin-like growth factor I, resistance to	OMIM:270450	MONDO:0010038	autosomal_recessive	biallelic_autosomal	growth_regulation	definitive	2	definitive	absent	79	PMID:14657428;PMID:15928254;PMID:17264177;PMID:22130793	DDG2P.publications	IGF1 resistance; pre- and post-natal growth restriction.
OBSL1	KIAA0657	HGNC:29092	ENSG00000124006	23363	chr2	OMIM:610991	OBSL1-related 3-M syndrome	OMIM:612921	MONDO:0013039	autosomal_recessive	biallelic_autosomal	growth_regulation	definitive	2	definitive	absent	80	PMID:19481195;PMID:23457316;PMID:27796265	DDG2P.publications+phenotype.hpoa.reference	3-M syndrome 2.
CCDC8	3M3|DKFZP564K0322|PPP1R20	HGNC:25367	ENSG00000169515	83987	chr19	OMIM:614145	CCDC8-related 3-M syndrome	OMIM:614205	MONDO:0013627	autosomal_recessive	biallelic_autosomal	growth_regulation	strong	2	strong	absent	12	PMID:21737058	DDG2P.publications	3-M syndrome 3.
CENPF	HCP-1	HGNC:1857	ENSG00000117724	1063	chr1	OMIM:600236	CENPF-related Stromme syndrome	OMIM:243605	MONDO:0009477	autosomal_recessive	biallelic_autosomal	kinetochore	strong	2	strong	absent	67	PMID:26820108;PMID:27300082;PMID:28407396;PMID:25564561	DDG2P.publications+phenotype.hpoa.reference	Stromme syndrome: intestinal atresia, microcephaly, ocular anomalies.
KNL1	CASC5|MCPH4	HGNC:24054	ENSG00000137812	57082	chr15	OMIM:609173	KNL1-related primary microcephaly	OMIM:604321	MONDO:0011437	autosomal_recessive	biallelic_autosomal	kinetochore	strong	2	strong	absent	23	PMID:22983954;PMID:26621532;PMID:26626498;PMID:27149178;PMID:27784895;PMID:37937525	DDG2P.publications	MCPH4. Former symbol CASC5.
CENPE		HGNC:1856	ENSG00000138778	1062	chr4		Microcephaly 13, primary, autosomal recessive	OMIM:616051	MONDO:0016660	autosomal_recessive	not_curated	kinetochore	limited	2	absent	Limited (autosomal recessive primary microcephaly; AR; 2023-12-19)	5	PMID:24748105	phenotype.hpoa.reference	ClinGen classifies the AR primary microcephaly link as Limited, contradicting its routine listing as an established MCPH gene.
AURKB		HGNC:11390	ENSG00000178999	9212	chr17					not_curated	not_curated	kinetochore	candidate	2	absent	absent	1		none: absent from DDG2P 2026-08-27, ClinGen 2026-08-27, HPO 2026-06-23	Chromosomal passenger complex; error correction of merotelic attachments.
KNTC1		HGNC:17255	ENSG00000184445	9735	chr12					not_curated	not_curated	kinetochore	candidate	2	absent	absent	0		none: absent from DDG2P 2026-08-27, ClinGen 2026-08-27, HPO 2026-06-23	ROD, RZZ complex.
NDC80		HGNC:16909	ENSG00000080986	10403	chr18					not_curated	not_curated	kinetochore	candidate	2	absent	absent	0		none: absent from DDG2P 2026-08-27, ClinGen 2026-08-27, HPO 2026-06-23	NDC80/HEC1 complex; microtubule-kinetochore attachment.
NUF2		HGNC:14621	ENSG00000143228	83540	chr1					not_curated	not_curated	kinetochore	candidate	2	absent	absent	1		none: absent from DDG2P 2026-08-27, ClinGen 2026-08-27, HPO 2026-06-23	NDC80 complex.
SPC24		HGNC:26913	ENSG00000161888	147841	chr19					not_curated	not_curated	kinetochore	candidate	2	absent	absent	0		none: absent from DDG2P 2026-08-27, ClinGen 2026-08-27, HPO 2026-06-23	NDC80 complex.
SPC25		HGNC:24031	ENSG00000152253	57405	chr2					not_curated	not_curated	kinetochore	candidate	2	absent	absent	0		none: absent from DDG2P 2026-08-27, ClinGen 2026-08-27, HPO 2026-06-23	NDC80 complex.
ZW10		HGNC:13194	ENSG00000086827	9183	chr11					not_curated	not_curated	kinetochore	candidate	2	absent	absent	0		none: absent from DDG2P 2026-08-27, ClinGen 2026-08-27, HPO 2026-06-23	RZZ complex; checkpoint protein recruitment.
ZWILCH		HGNC:25468	ENSG00000174442	55055	chr15					not_curated	not_curated	kinetochore	candidate	2	absent	absent	0		none: absent from DDG2P 2026-08-27, ClinGen 2026-08-27, HPO 2026-06-23	RZZ complex.
ASPM	ASP|CALMBP1|FLJ10517|FLJ10549|MCPH5	HGNC:19048	ENSG00000066279	259266	chr1	OMIM:605481	ASPM-related pirmary microcephaly	OMIM:608716	MONDO:0012106	autosomal_recessive	biallelic_autosomal	microcephaly_neurogenesis	definitive	2	definitive	Definitive (autosomal recessive primary microcephaly; AR; 2024-03-14)	357	PMID:12355089;PMID:16673149;PMID:27250695;PMID:29644084	DDG2P.publications+phenotype.hpoa.reference	MCPH5; commonest MCPH gene.
MCPH1	BRIT1|FLJ12847	HGNC:6954	ENSG00000147316	79648	chr8	OMIM:607117	MCPH1-related microcephaly primary	OMIM:251200	MONDO:0009617	autosomal_recessive	biallelic_autosomal	microcephaly_neurogenesis	definitive	2	definitive	Definitive (microcephaly with intellectual disability; AR; 2023-01-17)	110	PMID:11857108;PMID:12046007;PMID:16311745;PMID:20978018;PMID:7693575	DDG2P.publications	MCPH1. Cytogenetic hallmark is premature chromosome condensation - visible on karyotype and easily confused with an MVA report.
MFSD2A	FLJ14490|MFSD2|SLC59A1	HGNC:25897	ENSG00000168389	84879	chr1	OMIM:614397	MFSD2A-related primary microcephaly	OMIM:616486		autosomal_recessive	biallelic_autosomal	microcephaly_neurogenesis	definitive	2	definitive	absent	9	PMID:26005865;PMID:26005868	DDG2P.publications+phenotype.hpoa.reference	MCPH15; lysophosphatidylcholine transporter.
WDR62	C19ORF14|DKFZP434J046|FLJ33298|MCPH2	HGNC:24502	ENSG00000075702	284403	chr19	OMIM:613583	WDR62-related microcephaly, cortical malformations, and intellectual developmental disorder	OMIM:604317	MONDO:0011435	autosomal_recessive	biallelic_autosomal	microcephaly_neurogenesis	definitive	2	definitive	Definitive (microcephaly 2, primary, autosomal recessive, with or without cortical malformations; AR; 2020-05-26)	127	PMID:10573015;PMID:20729831;PMID:20890278;PMID:20890279;PMID:21834044	DDG2P.publications	MCPH2.
CDK5RAP2	C48|CEP215|FLJ10867|MCPH3	HGNC:18672	ENSG00000136861	55755	chr9	OMIM:608201	CDK5RAP2-related primary microcephaly	OMIM:604804	MONDO:0011488	autosomal_recessive	biallelic_autosomal	microcephaly_neurogenesis	strong	2	strong	Definitive (autosomal recessive primary microcephaly; AR; 2022-01-25)	84	PMID:32015000;PMID:15793586;PMID:23995685;PMID:27761245	DDG2P.publications+phenotype.hpoa.reference	MCPH3.
ZNF335	BA465L10.2|NIF-1	HGNC:15807	ENSG00000198026	63925	chr20	OMIM:610827	ZNF335-related microcephaly, epilepsy, cerebral and/or cerebellar atrophy and short stature	OMIM:615095	MONDO:0014043	autosomal_recessive	biallelic_autosomal	microcephaly_neurogenesis	strong	2	strong	absent	27	PMID:23178126;PMID:27540107;PMID:29652087;PMID:31187448;PMID:33216650;PMID:34982360;PMID:38549403;PMID:40583037	DDG2P.publications	MCPH10.
PHC1	EDR1|HPH1|RAE28	HGNC:3182	ENSG00000111752	1911	chr12	OMIM:602978	PHC1-related primary microcephaly	OMIM:615414	MONDO:0014173	autosomal_recessive	biallelic_autosomal	microcephaly_neurogenesis	limited	2	limited	absent	2	PMID:23418308	DDG2P.publications	MCPH11; DDG2P limited.
CDC45	CDC45L|CDC45L2	HGNC:1739	ENSG00000093009	8318	chr22	OMIM:603465	CDC45-related Meier-Gorlin syndrome and craniosynostosis	OMIM:617063	MONDO:0014894	autosomal_recessive	biallelic_autosomal	replication_licensing	definitive	2	definitive	Definitive (Meier-Gorlin syndrome 7; AR; 2023-05-30)	23	PMID:27374770	DDG2P.publications	Meier-Gorlin 7 with craniosynostosis.
CDC6	CDC18L	HGNC:1744	ENSG00000094804	990	chr17	OMIM:602627	CDC6-related Meier-Gorlin syndrome	OMIM:613805	MONDO:0013432	autosomal_recessive	biallelic_autosomal	replication_licensing	definitive	2	definitive	Limited (Meier-Gorlin syndrome 5; AR; 2025-01-17)	0	PMID:11477602;PMID:21358632	DDG2P.publications+phenotype.hpoa.reference	Meier-Gorlin 5. CONFLICT: DDG2P definitive vs ClinGen Limited (2025-01-17).
CDT1	DUP|RIS2	HGNC:24576	ENSG00000167513	81620	chr16	OMIM:605525	CDT1-related Meier-Gorlin syndrome	OMIM:613804	MONDO:0013431	autosomal_recessive	biallelic_autosomal	replication_licensing	definitive	2	definitive	Definitive (Meier-Gorlin syndrome 4; AR; 2023-03-03)	27	PMID:11992493;PMID:21358632	DDG2P.publications	Meier-Gorlin 4.
ORC1	HSORC1|ORC1L|PARC1	HGNC:8487	ENSG00000085840	4998	chr1	OMIM:601902	ORC1-related Meier-Gorlin syndrome	OMIM:224690	MONDO:0009143	autosomal_recessive	biallelic_autosomal	replication_licensing	definitive	2	definitive	absent	33	PMID:21358633;PMID:21358632	DDG2P.publications+phenotype.hpoa.reference	Meier-Gorlin 1.
ORC4	HSORC4|ORC4L|ORC4P	HGNC:8490	ENSG00000115947	5000	chr2	OMIM:603056	ORC4-related Meier-Gorlin syndrome	OMIM:613800	MONDO:0013428	autosomal_recessive	biallelic_autosomal	replication_licensing	definitive	2	definitive	Moderate (Meier-Gorlin syndrome 2; AR; 2025-06-30)	23	PMID:11477602;PMID:21358632	DDG2P.publications+phenotype.hpoa.reference	Meier-Gorlin 2. DDG2P definitive vs ClinGen Moderate.
ORC6	ORC6L	HGNC:17151	ENSG00000091651	23594	chr16	OMIM:607213	ORC6-related Meier-Gorlin syndrome	OMIM:613803	MONDO:0013430	autosomal_recessive	biallelic_autosomal	replication_licensing	definitive	2	definitive	Definitive (Meier-Gorlin syndrome 3; AR; 2023-07-21)	17	PMID:7710253;PMID:21358632	DDG2P.publications+phenotype.hpoa.reference	Meier-Gorlin 3.
GMNN	GEM	HGNC:17493	ENSG00000112312	51053	chr6	OMIM:602842	GMNN-related primordial dwarfism associated with Meier-Gorlin syndrome	OMIM:616835	MONDO:0014794	autosomal_dominant	monoallelic_autosomal	replication_licensing	strong	2	strong	Moderate (Meier-Gorlin syndrome 6; AD; 2024-12-04)	3	PMID:26637980	DDG2P.publications	Meier-Gorlin 6; monoallelic gain of function, not a recessive model.
POLE	POLE1	HGNC:9177	ENSG00000177084	5426	chr12	OMIM:174762	POLE-related IMAGE syndrome with variable immunodeficiency	OMIM:618336	MONDO:0032684	autosomal_recessive	biallelic_autosomal	replication_licensing	strong	2	strong	Definitive (POLE-related polyposis and colorectal cancer syndrome; AD; 2023-07-05)	456	PMID:23230001;PMID:25948378;PMID:30503519;PMID:35860951	DDG2P.publications	Biallelic IMAGE-I; distinct from the dominant polymerase-proofreading cancer syndrome.
GINS1		HGNC:28980	ENSG00000101003	9837	chr20		Immunodeficiency 55	OMIM:617827	MONDO:0044725	autosomal_recessive	not_curated	replication_licensing	moderate	2	absent	Moderate (combined immunodeficiency due to GINS1 deficiency; AR; 2024-07-18)	2	PMID:28414293	phenotype.hpoa.reference	Growth restriction with NK-cell deficiency.
MCM4		HGNC:6947	ENSG00000104738	4173	chr8		Immunodeficiency 54	OMIM:609981	MONDO:0012383	autosomal_recessive	not_curated	replication_licensing	moderate	2	absent	Moderate (primary immunodeficiency with natural-killer cell deficiency and adrenal insufficiency; AR; 2023-08-17)	3	PMID:22354167;PMID:22354170	phenotype.hpoa.reference	Growth restriction, adrenal insufficiency, NK-cell deficiency; chromosomal instability reported.
CDC20		HGNC:1723	ENSG00000117399	991	chr1		Oocyte/zygote/embryo maturation arrest 14	OMIM:620276		autosomal_recessive	biallelic_autosomal	spindle_assembly_checkpoint	limited	2	absent	absent	12	PMID:32666501	phenotype.hpoa.reference	Only curated human disease is oocyte/zygote/embryo maturation arrest, not a paediatric somatic phenotype. Kept for mechanism, not phenotype.
MAD2L1		HGNC:6763	ENSG00000164109	4085	chr4					not_curated	not_curated	spindle_assembly_checkpoint	candidate	2	absent	absent	0		none: absent from DDG2P 2026-08-27, ClinGen 2026-08-27, HPO 2026-06-23	Core mitotic checkpoint complex subunit with BUB1B/BUB3/CDC20.
TTK		HGNC:12401	ENSG00000112742	7272	chr6					not_curated	not_curated	spindle_assembly_checkpoint	candidate	2	absent	absent	0		none: absent from DDG2P 2026-08-27, ClinGen 2026-08-27, HPO 2026-06-23	MPS1 kinase, apex of SAC signalling.
KIF11	EG5|HKSP|KNSL1|TRIP5	HGNC:6388	ENSG00000138160	3832	chr10	OMIM:148760	KIF11-related microcephaly with or without chorioretinopathy, lymphedema, and developmental delay	OMIM:152950	MONDO:0007918	autosomal_dominant	monoallelic_autosomal	spindle_motor	definitive	2	definitive	Definitive (microcephaly with or without chorioretinopathy, lymphedema, or intellectual disability; AD; 2021-07-01)	191	PMID:15930898;PMID:22284827	DDG2P.publications	Dominant; microcephaly with chorioretinopathy and lymphoedema.
KIF14	KIAA0042	HGNC:19181	ENSG00000118193	9928	chr1	OMIM:611279	KIF14-related severe microcephaly and short stature	OMIM:617914	MONDO:0054761	autosomal_recessive	biallelic_autosomal	spindle_motor	strong	2	strong	absent	43	PMID:24128419;PMID:28892560;PMID:29343805	DDG2P.publications+phenotype.hpoa.reference	Severe microcephaly and short stature; central-spindle kinesin.
TUBB	M40|MGC16435|OK/SW-CL.56|TUBB5	HGNC:20778	ENSG00000196230	203068	chr6	OMIM:191130	TUBB-related developmental disorder with cleft palate, cranial malformations and circumferential skin creases (Kunze type)	OMIM:156610	MONDO:0020738	autosomal_dominant	monoallelic_autosomal	spindle_motor	strong	2	strong	absent	40	PMID:23246003;PMID:23324645;PMID:26637975;PMID:34211110	DDG2P.publications	Dominant tubulinopathy.
DIS3L2	FAM6A|FLJ36974|MGC42174	HGNC:28648	ENSG00000144535	129563	chr2	OMIM:614184	DIS3L2-related Perlman syndrome	OMIM:267000	MONDO:0009965	autosomal_recessive	biallelic_autosomal	tumour_predisposition	definitive	2	definitive	Definitive (Perlman syndrome; AR; 2019-11-21)	92	PMID:10508986;PMID:22306653;PMID:6093533	DDG2P.publications	Perlman syndrome; overgrowth with Wilms tumour - the mirror image of the MVA growth phenotype.
WT1	AWT1|GUD|NPHS4|WAGR|WIT-2|WT-1	HGNC:12796	ENSG00000184937	7490	chr11	OMIM:607102	WT1-related Denys-Drash syndrome	OMIM:194080	MONDO:0008682	autosomal_dominant	monoallelic_autosomal	tumour_predisposition	definitive	2	definitive	Definitive (Denys-Drash syndrome; AD; 2021-07-27)	164	PMID:10571943;PMID:1302008;PMID:1327525;PMID:1655284;PMID:1658787;PMID:8388765;PMID:9499425;PMID:7645607	DDG2P.publications+phenotype.hpoa.reference	Denys-Drash / WAGR. Dominant.
CTR9	KIAA0155|P150TSP|SH2BP1|TSBP	HGNC:16850	ENSG00000198730	9646	chr11	OMIM:609366	CTR9-related neurodevelopmental disorder		MONDO:1040006	autosomal_dominant	monoallelic_autosomal	tumour_predisposition	moderate	2	moderate	Moderate (CTR9-related neurodevelopmental disorder; AD; 2025-03-19)	17	PMID:35468861;PMID:35499524;PMID:35717577	DDG2P.publications	Only curated tumour link is ORPHA:654 nephroblastoma; DDG2P/ClinGen curate a separate neurodevelopmental phenotype (Moderate).
REST	DFNA27|NRSF|XBR	HGNC:9966	ENSG00000084093	5978	chr4	OMIM:600571	Wilms tumor 6	OMIM:616806		autosomal_dominant	monoallelic_autosomal	tumour_predisposition	moderate	2	moderate	absent	28	PMID:36509837;PMID:26551668	DDG2P.publications+phenotype.hpoa.reference	Wilms tumor 6 (OMIM:616806). DDG2P curates only an unrelated gingival-fibromatosis phenotype for REST.
TRIM28		HGNC:16384	ENSG00000130726	10155	chr19		Wilms tumor 7	OMIM:621332		autosomal_dominant	not_curated	tumour_predisposition	limited	2	absent	absent	14	PMID:29912901	phenotype.hpoa.reference	Wilms tumor 7 (OMIM:621332). Absent from DDG2P and ClinGen.
